,Address,State,ProjectKey,ProjectName,BuildingType,School Name,Total Students All Grades (Includes AE) [Public School] 2019-20,ProjectSquareFeet,SQFT_Per_Student
450,5642 rosehill shawnee mission ks 66216,KS ,9385,Ray Marsh Elementary School Project,Elementary School,RAY MARSH ELEM,532,72000.0,135.33834586466165
184,18211 w las brisas dr goodyear az 85338,AZ ,26476,Liberty ESD New K-8 Elementary School,Elementary School,LAS BRISAS ACADEMY,537,61500.0,114.52513966480447
159,16610 bennington road bennington ne 68007,NE ,74309,Bennington HS Aux Gym Addn,High School,BENNINGTON HIGH SCHOOL,766,26500.0,34.595300261096604
109,130 alameda ave tacoma wa 98466,WA ,86540,Wainwright Elementary Phase 1 SD+,Elementary School,WAINWRIGHT,502,65000.0,129.4820717131474
556,9150 lexington drive colorado springs co 80920,CO ,20494,Mountain Ridge Middle School,Middle School,MOUNTAIN RIDGE MIDDLE SCHOOL,989,111400.0,112.63902932254803
316,3223 il route 176 crystal lake il 60014,IL ,12113,Prairie Grove Middle School,Middle School,PRAIRIE GROVE ELEM SCHOOL,477,104000.0,218.02935010482182
442,520 milford street salida co 81201,CO ,20536,Salida New Middle School,Middle School,SALIDA MIDDLE SCHOOL,372,56175.0,151.00806451612902
465,6205 farthing drive colorado springs co 80906,CO ,20485,Pinon Valley Elementary School,Elementary School,PINON VALLEY ELEMENTARY SCHOOL,315,45000.0,142.85714285714286
62,11375 sw center st beaverton or 97005,OR ,77979,Beaverton SD ACMA,Academic,ARTS AND COMMUNICATION MAGNET ACADEMY,706,75900.0,107.5070821529745
44,1085 pioneer trail east chaska mn 55318,MN ,20871,Pioneer Ridge Freshman Center,Middle School,PIONEER RIDGE MIDDLE SCHOOL,441,123800.0,280.72562358276645
323,3302 w 18th ave emporia ks 66801,KS ,9220,Emporia High School Addns & Renov,High School,EMPORIA HIGH,1598,55566.0,34.77221526908636
178,1805 preserve drive colorado springs co 80906,CO ,20484,Gold Camp Elementary School -  Cheyenne ,Elementary School,GOLD CAMP ELEMENTARY SCHOOL,472,46000.0,97.45762711864407
412,500 lawrence street baldwin city ks 66006,KS ,9868,Baldwin City Primary Center,Elementary School,BALDWIN ELEMENTARY PRIMARY CENTER,344,65195.0,189.5203488372093
331,35 s 4th street philadelphia pa 19106,PA ,50465,Mastery Charter School Lenfest Campus Re,Academic,MASTERY CHS-LENFEST CAMPUS,582,12000.0,20.61855670103093
332,35 s 4th street philadelphia pa 19106,PA ,50466,Mastery Charter School Lenfest Campus Re,Academic,MASTERY CHS-LENFEST CAMPUS,582,12000.0,20.61855670103093
125,13401 se 132nd ave clackamas or 97015,OR ,77273,NCSD Sunnyside ES,Elementary School,SUNNYSIDE ELEMENTARY SCHOOL,569,52000.0,91.3884007029877
376,425 n waverly road gardner ks 66030,KS ,75980,Gardner Edgerton HS-Additions & Renov,High School,GARDNER EDGERTON HIGH,1725,50000.0,28.985507246376812
134,1420 neal dow ave chico ca 95926,CA ,88673,Chico USD Neal Dow ES Modernization,Elementary School,NEAL DOW ELEMENTARY,355,49800.0,140.28169014084506
152,1601 sw 19th ave austin mn 55912,MN ,23893,Southgate Elementary Addition & Remodel,Elementary School,SOUTHGATE ELEMENTARY,532,57750.0,108.55263157894737
400,4622 ohio street longview wa 98632,WA ,28470,Robert Gray Elementary School - Longview,Elementary School,ROBERT GRAY ELEMENTARY,445,47000.0,105.61797752808988
93,1234 n monticello ave chicago il 60651,IL ,12728,CPS - Cameron ES Renovation,Elementary School,CAMERON ELEM SCHOOL,688,119500.0,173.6918604651163
0,0727 cove boulevard dillon co 80435,CO ,20473,Summit Cove Elementary School,Elementary School,SUMMIT COVE ELEMENTARY SCHOOL,250,52000.0,208.0
290,307 south morrill ave hiawatha ks 66434,KS ,10313,Hiawatha Middle School,Middle School,HIAWATHA MIDDLE SCHOOL,305,65487.0,214.71147540983605
266,2570 south 42nd street kansas city ks 66106,KS ,10445,Junction Primary Turner School Dist,,JUNCTION ELEMENTARY,271,13600.0,50.18450184501845
544,8715 holmes kansas city mo 64131,MO ,10848,Center High School Addn & Rnvs.,High School,CENTER SR. HIGH,668,185650.0,277.9191616766467
536,8224 ne 138th kirkland wa 98034,WA ,26100,Thoreau Elementary School,Elementary School,THOREAU ELEMENTARY,480,52217.0,108.78541666666666
222,211 e main st ottawa il 61350,IL ,12009,Ottawa Fieldhouse,,OTTAWA TOWNSHIP HIGH SCHOOL,1188,108000.0,90.9090909090909
528,8050 n 129th avenue omaha ne 68142,NE ,5004,Omaha Pub Sch New Davis Mid Sch Prog,Middle School,ALFONZA W DAVIS MIDDLE SCHOOL,725,182440.0,251.64137931034483
510,7654 n 19th ave phoenix az 85021,AZ ,14879,Phoenix Day School for the Deaf,Middle School,ASDB/PHOENIX DAY SCHOOL,255,51410.0,201.6078431372549
381,431 27th avenue longview wa 98632,WA ,28471,St. Helen's Elementary School,Elementary School,SAINT HELENS ELEMENTARY,335,42000.0,125.3731343283582
49,1101 hoquiam ave ne renton wa 98059,WA ,60208,Hazen High School Addition - Pre-Design,High School,HAZEN SENIOR HIGH SCHOOL,1713,295800.0,172.67950963222418
48,1101 hoquiam ave ne renton wa 98059,WA ,60207,Hazen High School Addition - Pre-Design ,High School,HAZEN SENIOR HIGH SCHOOL,1713,295800.0,172.67950963222418
97,125 sunset rd limerick pa 19468,PA ,16592,SFASD - New ES at Winnie's Site,,EVANS EL SCH,581,90000.0,154.9053356282272
312,32 e 115th st chicago il 60628,IL ,717,CPS Curtis Elementary School Renovation,Elementary School,CURTIS ELEM SCHOOL,446,105000.0,235.42600896860986
357,400 eisenhower baldwin city ks 66006,KS ,10005,Baldwin Jr. High Multipurpose Rm Renov,Middle School,BALDWIN JUNIOR HIGH SCHOOL,336,103861.0,309.11011904761904
105,12500 huron street westminster co 80234,CO ,19291,Adams 12 New HS #5,High School,MOUNTAIN RANGE HIGH SCHOOL,1892,247000.0,130.54968287526427
470,6401 bear ave bell ca 90201,CA ,31110,LAUSD - Corona Primary School,Academic,MARTHA ESCUTIA PRIMARY CENTER,278,55132.0,198.31654676258992
223,2112 s tyler st tacoma wa 98405,WA ,26269,Foss High School Renovation & Addn PD-SD,High School,FOSS,627,255000.0,406.69856459330146
478,6615 e cholla st scottsdale az 85254,AZ ,15813,SUSD Cocopah Middle School Rebuild,Middle School,COCOPAH MIDDLE SCHOOL,903,107095.0,118.59911406423035
136,1431 n leamington ave chicago il 60651,IL ,12623,CPS - Lewis Elementary School,Elementary School,LEWIS ELEM SCHOOL,486,146300.0,301.02880658436214
135,14301 byron hwy  byron ca 94514,CA ,32409,Byron-Excelsior MS Expansion,Academic,EXCELSIOR MIDDLE,528,41000.0,77.65151515151516
387,4400 north 107 street kansas city ks 66109,KS ,9803,Piper High School Additions & Renovation,High School,PIPER HIGH,658,118470.0,180.04559270516717
121,1322 avenue i gothenburg ne 69138,NE ,2711,Gothenburg K-12 Addition and Remodel,Elementary School,GOTHENBURG SECONDARY SCHOOL,419,113355.0,270.5369928400955
122,1322 avenue i gothenburg ne 69138,NE ,5305,Gothenburg K-12 Cafeteria Remodel,Elementary School,GOTHENBURG SECONDARY SCHOOL,419,12000.0,28.639618138424822
558,925 south holly liberal ks 67901,KS ,80048,"Liberal, KS - New MacArthur ES",Elementary School,MACARTHUR ELEMENTARY SCHOOL,407,71743.0,176.27272727272728
337,3550 prospector st kingman az 86401,AZ ,15154,KUSD New Middle School,Middle School,WHITE CLIFFS MIDDLE SCHOOL,695,87000.0,125.17985611510791
199,19710 state route 534 mount vernon wa 98274,WA ,28292,Conway School+,Elementary School,CONWAY SCHOOL,489,60000.0,122.69938650306749
334,3500 sw windemere dr lee 's summit mo 64082,MO ,10371,Summit Lakes Junior High Sch,High School,SUMMIT LAKES MIDDLE,941,139077.0,147.7970244420829
203,200 120th street sw everett wa 98204,WA ,26065,Mukilteo SD - Mariner HS,High School,MARINER HIGH SCHOOL,2426,247000.0,101.81368507831822
60,11335 s 204th street gretna ne 68028,NE ,5196,Gretna High School Addition,High School,GRETNA HIGH SCHOOL,1445,88000.0,60.89965397923876
379,428 pacific osawatomie ks 66064,KS ,10245,Osawatomie Usd 367-Ms Addn,,OSAWATOMIE MIDDLE SCHOOL,233,8100.0,34.76394849785408
64,11411 s eggleston ave chicago il 60628,IL ,716,CPS Haley Elementary School Renovations,Elementary School,HALEY ELEM ACADEMY,516,64000.0,124.03100775193798
72,11940 sw lynnfield ln portland or 97225,OR ,73841,Beaverton SD William Walker,Elementary School,WILLIAM WALKER ELEMENTARY SCHOOL,519,88400.0,170.32755298651253
168,17801 grand avenue omaha ne 68116,NE ,5378,Elkhorn Grand View New Middle School #4,Middle School,ELKHORN GRANDVIEW MIDDLE SCHOOL,663,118800.0,179.18552036199094
413,500 n jesse james excelsior springs mo 64024,MO ,10279,Westview Elem Sch Addition,Elementary School,WESTVIEW ELEMENTARY,526,32000.0,60.836501901140686
77,1201 galloway steilacoom wa 98388,WA ,28503,Steilacoom Sd-Cherrydale Elem  Renovatio,Elementary School,CHERRYDALE ELEMENTARY,399,36134.0,90.56140350877193
516,7733 se raymond st portland or 97206,OR ,61510,Portland Public Schools - Marysville K-8,Elementary School,MARYSVILLE ELEMENTARY SCHOOL,383,54000.0,140.99216710182768
515,7733 se raymond st portland or 97206,OR ,61509,Portland Public Schools - Marysville K-8,Elementary School,MARYSVILLE ELEMENTARY SCHOOL,383,54000.0,140.99216710182768
514,7733 se raymond st portland or 97206,OR ,61508,Portland Public Schools - Marysville K-8,Elementary School,MARYSVILLE ELEMENTARY SCHOOL,383,54000.0,140.99216710182768
224,21300 college blvd olathe ks 66061,KS ,9516,Prairie Learning Center FF & E,,OLATHE NORTHWEST HIGH SCHOOL,1883,31000.0,16.463090812533192
552,902 s jefferson kearney mo 64060,MO ,10864,Kearney Elementary HVAC Remodel,Elementary School,KEARNEY ELEM.,269,8000.0,29.739776951672862
566,9594 kiefer blvd  sacramento ca 95827,CA ,30333,Rosemont H.S. Auditorium,High School,ROSEMONT HIGH,1353,17000.0,12.564671101256467
565,9594 kiefer blvd  sacramento ca 95827,CA ,30339,Rosemont H.S. Portables,High School,ROSEMONT HIGH,1353,15840.0,11.707317073170731
463,616 north 2nd street johnstown co 80534,CO ,20478,Roosevelt High School Addition & Remodel,High School,ROOSEVELT HIGH SCHOOL,1061,246000.0,231.85673892554195
513,7701 nw barry rd kansas city mo 64153,MO ,10402,Park Hill High School Addns & Renovation,High School,PARK HILL HIGH,1906,254000.0,133.26337880377756
157,1625 madison way lynnwood wa 98087,WA ,84308,Mukilteo School District- Lake Stickney,Elementary School,LAKE STICKNEY ELEMENTARY SCHOOL,616,61000.0,99.02597402597402
156,1625 madison way lynnwood wa 98087,WA ,1045,Mukilteo School District- Lake Stickney,Elementary School,LAKE STICKNEY ELEMENTARY SCHOOL,616,79000.0,128.24675324675326
358,400 maag ave oakdale ca 95361,CA ,31768,OJUSD - Oakdale Jr New Clssrm Bldg,Academic,OAKDALE JUNIOR HIGH,867,23372.0,26.957324106113035
401,4800 telluride street  2 denver co 80249,CO ,20090,EGD E-12 Campus Phase I,,DSST: GREEN VALLEY RANCH HIGH SCHOOL,556,186000.0,334.53237410071944
186,1835 osauka rd ne sauk rapids mn 56379,MN ,21049,Sauk Rapids Rice HS,High School,SAUK RAPIDS-RICE SENIOR HIGH,1374,340000.0,247.45269286754004
29,1020 sw cherry st ankeny ia 50023,IA ,8810,Southview Middle School - Phase 2,Middle School,SOUTHVIEW MIDDLE SCHOOL,884,70000.0,79.18552036199095
423,501 n grand st chariton ia 50049,IA ,8574,Chariton H.S. Additions & Remodeling,High School,CHARITON HIGH SCHOOL,354,102000.0,288.135593220339
328,33700 se high school way scappoose or 97056,OR ,29679,Scappoose High School,High School,SCAPPOOSE HIGH SCHOOL,710,25000.0,35.2112676056338
317,3223 s hampton dr bettendorf ia 52722,IA ,8787,Hoover ES Addition & Renovation,Elementary School,HERBERT HOOVER ELEMENTARY SCHOOL,427,12563.0,29.421545667447308
431,502 n main st holmen wi 54636,WI ,23899,Holmen Middle School,Middle School,HOLMEN MIDDLE,886,135000.0,152.37020316027088
162,1705 ne trilein dr ankeny ia 50021,IA ,9062,Ankeny CSD - Northeast Elementary School,Elementary School,NORTHEAST ELEMENTARY,702,25300.0,36.03988603988604
421,500 w windsor santa maria ca 93458,CA ,31342,SMBSD - Adam Elementary School,Elementary School,ADAM (WILLIAM LAIRD) ELEMENTARY,923,10512.0,11.388949079089924
500,721 griffith liberal ks 67901,KS ,80034,"Liberal, KS - Pine Street MS",Middle School,SEYMOUR ROGERS MIDDLE SCHOOL,520,97381.0,187.27115384615385
255,2381 shore hawk ave salton city ca 92275,CA ,31251,CVUSD-New Salton Cty Elementry Schl,Elementary School,WEST SHORES HIGH,541,239904.0,443.44547134935306
279,2826 e grovers ave phoenix az 85032,AZ ,16186,PVUSD Vista Verde M.S. Renovations,Middle School,VISTA VERDE MIDDLE SCHOOL,671,25521.0,38.034277198211626
361,402 fisher ave crookston mn 56716,MN ,23904,Crookston Senior High School,High School,CROOKSTON SECONDARY,523,150000.0,286.80688336520075
396,4500 nw river park dr riverside mo 64150,MO ,10248,Park Hill New High School,High School,PARK HILL SOUTH HIGH,1724,254000.0,147.33178654292342
56,1129 ashland ave chariton ia 50049,IA ,8586,Van Allen Elementary School Renovation,Elementary School,VAN ALLEN ELEMENTARY SCHOOL,281,36730.0,130.711743772242
206,2000 n western liberal ks 67901,KS ,80030,"Liberal, KS -  Western MS",Middle School,EISENHOWER MIDDLE SCHOOL,562,97381.0,173.27580071174378
274,2727 edinburgh channel rd kingsport tn 37664,TN ,24853,Kingsport Elementary School,Elementary School,JOHN ADAMS ELEMENTARY SCHOOL,473,88500.0,187.10359408033827
165,17161 w bajada rd surprise az 85387,AZ ,14558,Desert Oasis K-8 Elementary School,Elementary School,DESERT OASIS ELEMENTARY SCHOOL,443,69307.0,156.4492099322799
385,440 crossfield rd king of prussia pa 19406,PA ,16578,UMASD-Football Stadium Lighting,,UPPER MERION HS,1198,165000.0,137.7295492487479
90,1223 n noland rd independence mo 64050,MO ,73336,William Chrisman HS Additions & Reno,High School,WILLIAM CHRISMAN HIGH,1371,18000.0,13.12910284463895
232,22104 rhododendron ln nw poulsbo wa 98370,WA ,28402,Vinland Elementary School - North Kitsap,Elementary School,VINLAND ELEMENTARY,629,56000.0,89.0302066772655
481,67700 verona rd  cathedral city ca 92234,CA ,2709,Rio Vista Elementary School,Elementary School,RIO VISTA ELEMENTARY,713,47000.0,65.91865357643759
391,4500 happy jack road cheyenne wy 82001,WY ,13142,Laramie Cnty SD #1 New Elem. Phase II,Elementary School,FREEDOM ELEMENTARY,400,42647.0,106.6175
390,4500 happy jack road cheyenne wy 82001,WY ,13135,Laramie County SD #1 New Elem.,Elementary School,FREEDOM ELEMENTARY,400,42647.0,106.6175
172,1800 w agnew road raymond ne 68428,NE ,72530,Raymond Central Jr Sr Hi Sch Addn,High School,RAYMOND CENTRAL PRESCHOOL,36,5580.0,155.0
173,1800 w agnew road raymond ne 68428,NE ,26323,Raymond Central Jr Sr Hi Sch Addn,High School,RAYMOND CENTRAL PRESCHOOL,36,5405.0,150.13888888888889
174,1800 w agnew road raymond ne 68428,NE ,70222,Raymond Central Jr Sr Hi Sch Addn,High School,RAYMOND CENTRAL PRESCHOOL,36,5405.0,150.13888888888889
459,601 county rd 61 thief river falls mn 56701,MN ,23900,Challenger Elementary School,Elementary School,CHALLENGER ELEMENTARY,945,143000.0,151.32275132275132
86,1213 west allison road cheyenne wy 82007,WY ,13196,Laramie Cnty SD#1 New High School,High School,SOUTH HIGH SCHOOL,1172,245000.0,209.0443686006826
445,5340 oak grove rd kansas city ks 66106,KS ,76499,Oak Grove Elementary School,Elementary School,OAK GROVE ELEM,537,67577.0,125.8417132216015
322,3301 technology dr duluth mn 55811,MN ,22993,Duluth Edison -Snowflake School,Middle School,NORTH STAR ACADEMY,985,89000.0,90.35532994923858
509,7575 st charles road columbia mo 65202,MO ,11170,Columbia High School,High School,MURIEL W. BATTLE HIGH SCHOOL,1526,301479.0,197.56159895150722
467,623 madison st marshall wi 53559,WI ,23950,Marshall School District-Senior High,High School,MARSHALL HIGH,305,107980.0,354.0327868852459
473,65250 coahuilla st  mecca ca 92254,CA ,34061,CVUSD - MECCA Modernization As-built   N,Academic,MECCA ELEMENTARY,743,16723.0,22.507402422611037
386,440 e wildcat way el dorado ks 67042,KS ,9948,El Dorado USD 490 - Middle School,Middle School,EL DORADO MIDDLE,397,101579.0,255.86649874055416
115,1302 n ankeny blvd ankeny ia 50023,IA ,7984,Ankeny High School Addition,High School,NORTHVIEW MIDDLE SCHOOL,935,22000.0,23.529411764705884
114,1302 n ankeny blvd ankeny ia 50023,IA ,7600,Ankeny H.S./Family YMCA-Addition,High School,NORTHVIEW MIDDLE SCHOOL,935,32000.0,34.224598930481285
106,12701 w 67th street shawnee mission ks 66216,KS ,9282,SM Northwest HS HVAC Project,High School,SHAWNEE MISSION NORTHWEST HIGH,1654,75000.0,45.34461910519951
350,3800 south logan street englewood co 80113,CO ,19469,Englewood HS Field Improvements,High School,ENGLEWOOD HIGH SCHOOL,554,60000.0,108.30324909747293
313,3200 n 207th plaza elkhorn ne 68022,NE ,38219,Elkhorn MS Entrance Gym Addn & Renov,Middle School,ELKHORN MIDDLE SCHOOL,536,30000.0,55.97014925373134
228,2200 s lake tahoe dr chowchilla ca 93610,CA ,30130,Ronald Reagan Elementary School,Elementary School,RONALD REAGAN ELEMENTARY,514,43933.0,85.4727626459144
289,3050 thames river dr oxnard ca 93036,CA ,30144,Rio Vista Middle School,Middle School,RIO VISTA MIDDLE,696,74000.0,106.32183908045977
37,10475 e lakeview dr scottsdale az 85258,AZ ,16258,Laguna Elementary School,Elementary School,LAGUNA ELEMENTARY SCHOOL,388,73000.0,188.1443298969072
75,1200 trojan dr osawatomie ks 66064,KS ,9593,Osawatomie High School Additions,High School,OSAWATOMIE HIGH,323,55700.0,172.44582043343652
76,1200 trojan dr osawatomie ks 66064,KS ,10244,Osawatomie Elementary School and Middle ,Elementary School,OSAWATOMIE HIGH,323,71637.0,221.78637770897834
531,817 w main st waterford wi 53185,WI ,23896,Evergreen Elementary School,Elementary School,EVERGREEN ELEMENTARY,421,45000.0,106.88836104513064
25,1010 east state street trenton nj 8609,NJ ,25448,P.J. Hill PreK - 8 School,,P.J. HILL ELEMENTARY,810,110500.0,136.41975308641975
24,1010 east state street trenton nj 8609,NJ ,25557,P.J. Hill PreK to 8 School,Elementary School,P.J. HILL ELEMENTARY,810,111200.0,137.28395061728395
315,3206 renner dr council bluffs ia 51501,IA ,6154,Kreft Elementary School,Elementary School,E A KREFT PRIMARY SCHOOL,497,33000.0,66.39839034205231
92,1234 cresthaven dr silver spring md 20903,MD ,79340,"Cresthaven Elementary School, Silver Spr",Elementary School,CRESTHAVEN ELEMENTARY,505,74000.0,146.53465346534654
344,3700 prospector st kingman az 86401,AZ ,15303,KUSD New Elementary School,Elementary School,DESERT WILLOW ELEMENTARY SCHOOL,429,50000.0,116.55011655011656
471,6498 ridge ave philadelphia pa 19128,PA ,16687,Roxborough HS - Major Renovations,High School,ROXBOROUGH HS,783,240000.0,306.51340996168585
325,3333 18th st bettendorf ia 52722,IA ,8741,Bettendorf HS Additions & Renovations,High School,BETTENDORF HIGH SCHOOL,1549,51000.0,32.9244673983215
149,1590 west fillmore street colorado springs co 80904,CO ,20491,Coronado High School Additions and Remod,High School,CORONADO HIGH SCHOOL,1385,37500.0,27.075812274368232
113,1301 n 10th st  independence ks 67301,KS ,9899,"Independence, KS - High School",High School,INDEPENDENCE SR HIGH,584,166468.0,285.04794520547944
512,7690 e williams dr scottsdale az 85255,AZ ,13690,Pinnacle Peak Elem. School Roof Leaks  T,Elementary School,PINNACLE PEAK PREPARATORY,607,78589.0,129.47116968698518
511,7690 e williams dr scottsdale az 85255,AZ ,13686,Sonoran Hills Elementary School,Elementary School,PINNACLE PEAK PREPARATORY,607,78589.0,129.47116968698518
88,122 sewall road bridgeton nj 8302,NJ ,25471,Hopewell Twp Public Schools-A.O.R.,,HOPEWELL CREST,496,80938.0,163.18145161290323
87,122 sewall road bridgeton nj 8302,NJ ,25475,Hopewell Twp Public Schools A.O.R.,,HOPEWELL CREST,496,80938.0,163.18145161290323
190,1901 crestwood dr north little rock ar 72116,AR ,65322,Crestwood Elementary,Elementary School,CRESTWOOD ELEMENTARY SCHOOL,483,67666.0,140.0952380952381
205,200 e pinewood seward ne 68434,NE ,5636,Seward New Elementary School Addition,Elementary School,SEWARD ELEMENTARY SCHOOL,565,14400.0,25.486725663716815
367,4141 w mcneil st laveen az 85339,AZ ,15318,Laveen Elementary School,Elementary School,LAVEEN ELEMENTARY SCHOOL,888,96613.0,108.79842342342343
530,8150 santa fe dr shawnee mission ks 66204,KS ,10247,Overland Park Elem School,Elementary School,OVERLAND PARK ELEM,447,62000.0,138.70246085011186
446,5400 onyx dr bismarck nd 58503,ND ,11719,Bismarck Liberty Elementary School,Elementary School,LIBERTY ELEMENTARY SCHOOL,623,76625.0,122.9935794542536
503,7315 bloomington ave s richfield mn 55423,MN ,23911,Centennial Elementary School - Richfield,Elementary School,CENTENNIAL ELEMENTARY,411,60400.0,146.95863746958636
397,4510 bawell street baton rouge la 70808,LA ,25192,East Baton Rouge - High School,High School,BROADMOOR ELEMENTARY SCHOOL,589,250000.0,424.44821731748726
570,n5660 broad st shiocton wi 54170,WI ,24238,Shiocton School District Additions and R,,SHIOCTON ELEMENTARY,499,73900.0,148.09619238476955
89,12220 rd  36 madera ca 93636,CA ,33176,GVUSD - Liberty High School,High School,LIBERTY HIGH,579,88137.0,152.22279792746113
330,34660 parkway dr cloverdale or 97112,OR ,29427,Nestucca Valley SD,High School,NESTUCCA HIGH SCHOOL,222,57500.0,259.009009009009
285,300 spruce ave s thief river falls mn 56701,MN ,23902,Franklin Middle School Renovation and Ad,Middle School,FRANKLIN MIDDLE,478,141000.0,294.97907949790795
176,1801 orchard ave oskaloosa ia 52577,IA ,7462,Oskaloosa Elementary School,Elementary School,OSKALOOSA ELEMENTARY SCHOOL,932,138000.0,148.068669527897
225,2135 woodland dr dubuque ia 52002,IA ,8863,JFK Elementary School Addt & Renov,Elementary School,JOHN KENNEDY ELEMENTARY SCHOOL,579,25336.0,43.758203799654574
474,65705 johnson st  mecca ca 92254,CA ,30136,CVUSD Saul Martinez Elem School,Elementary School,SAUL MARTINEZ ELEMENTARY,1040,45425.0,43.67788461538461
460,606 illinois st blairsburg ia 50034,IA ,8458,NE Hamilton CSD Add. to K-12 Facility,,NORTHEAST HAMILTON ELEMENTARY SCHOOL,128,15100.0,117.96875
256,2400 montana ave santa monica ca 90403,CA ,30133,SMMUSD Franklin Elementary School Add/Mo,Elementary School,FRANKLIN ELEMENTARY,727,109012.0,149.94773039889958
309,3150 thames river oxnard ca 93036,CA ,30143,Rio Del Mar Elementary School,Elementary School,RIO DEL MAR,403,42013.0,104.25062034739454
319,32500 easton road easton ks 66020,KS ,9611,Pleasant Ridge MS/HS Addns,High School,PLEASANT RIDGE HIGH,203,3930.0,19.35960591133005
169,1800 fairway ave north little rock ar 72116,AR ,25272,"Lakewood ES - North Little Rock, AR",Elementary School,LAKEWOOD ELEMENTARY SCHOOL,459,63150.0,137.58169934640523
52,11212 ne 112th kirkland wa 98033,WA ,27720,LWSD - Bell Replacement Elementary +,Elementary School,BELL ELEMENTARY,546,65306.0,119.60805860805861
15,1001 15th ave south milwaukee wi 53172,WI ,24405,South Milwaukee S.D.,High School,SOUTH MILWAUKEE MIDDLE,697,295000.0,423.24246771879484
403,4800 telluride street  4 denver co 80249,CO ,20366,EGD - Building 5,Academic,SOAR AT GREEN VALLEY RANCH,437,47000.0,107.55148741418765
402,4800 telluride street  4 denver co 80249,CO ,20101,GVR - Vista Academy,Academic,SOAR AT GREEN VALLEY RANCH,437,30000.0,68.64988558352402
108,12955 aurora ave urbandale ia 50323,IA ,7608,Urbandale CSD-Webster Elementary School,Elementary School,WEBSTER ELEMENTARY SCHOOL,540,94000.0,174.07407407407408
265,25250 n 35th avenue glendale az 85310,AZ ,13629,DVUSD High School #4,High School,SANDRA DAY O'CONNOR HIGH SCHOOL,2672,358326.0,134.10404191616766
13,1000 grant st n bondurant ia 50035,IA ,8097,Bondurant-Farrar CSD - High School,High School,BONDURANT-FARRAR HIGH SCHOOL,617,81500.0,132.0907617504052
14,1000 grant st n bondurant ia 50035,IA ,8766,Bondurant-Farrar HS Safe Room Addition,High School,BONDURANT-FARRAR HIGH SCHOOL,617,8800.0,14.26256077795786
469,6400 sheridan ave s richfield mn 55423,MN ,23909,Sheridan Hills Elementary School - Richf,Elementary School,SHERIDAN HILLS ELEMENTARY,429,58150.0,135.54778554778554
211,201 e mathews dr gilbert ia 50105,IA ,7924,Gilbert Middle School,Middle School,GILBERT MIDDLE SCHOOL,379,78000.0,205.8047493403694
529,815 locust st yankton sd 57078,SD ,11569,Yankton Lincoln Elem.School Add/Renov. N,Elementary School,LINCOLN ELEMENTARY - 04,371,5000.0,13.477088948787062
524,801 montana ave santa monica ca 90403,CA ,30135,SMMUSD Roosevelt Elementary School,Elementary School,ROOSEVELT ELEMENTARY,755,27294.0,36.150993377483445
194,1903 crawford st boone ia 50036,IA ,8990,Franklin Elementary School,Elementary School,FRANKLIN ELEMENTARY SCHOOL,358,22500.0,62.849162011173185
272,2725 michigan ave stockton ca 95204,CA ,30545,Webster Middle School Modernization,Middle School,COMMODORE STOCKTON SKILLS,1081,106715.0,98.71877890841813
479,67 ne izett st oak harbor wa 98277,WA ,28489,Oak Harbor-N Whidbey Mid Sch,Middle School,NORTH WHIDBEY MIDDLE SCHOOL,841,84190.0,100.10701545778835
18,1001 w stone st fayetteville ar 72701,AR ,25237,Fayetteville HS - Phase II,High School,FAYETTEVILLE HIGH SCHOOL EAST,2628,353381.0,134.46765601217655
498,7111 aurora ave urbandale ia 50322,IA ,7622,Urbandale HS Reconstruction Phase I,High School,URBANDALE HIGH SCHOOL,1326,86800.0,65.46003016591251
497,7111 aurora ave urbandale ia 50322,IA ,7626,Urbandale HS Phase II - Bid I,High School,URBANDALE HIGH SCHOOL,1326,188000.0,141.77978883861238
254,2350 osage st sidney ne 69162,NE ,4747,Sidney Sch Dist New Bus Barn,High School,WEST ELEMENTARY SCHOOL,184,8000.0,43.47826086956522
527,8044 128th ave ne kirkland wa 98033,WA ,26625,Rose Hill Elementary School,Elementary School,ROSE HILL ELEMENTARY,487,57000.0,117.04312114989733
236,2211 south 55th kansas city ks 66106,KS ,10420,Turner HS Natatorium Addition,High School,TURNER HIGH,1108,19648.0,17.732851985559567
542,85358 bagdad ave coachella ca 92236,CA ,31249,CVUSD - Bobby Duke MS Expansion,Academic,BOBBY DUKE MIDDLE,755,139000.0,184.10596026490066
131,14055 orchid ave rogers mn 55374,MN ,20918,Hassan Elementary,Elementary School,HASSAN ELEMENTARY,721,99353.0,137.7988904299584
292,3100 n 206th st elkhorn ne 68022,NE ,6169,"Westridge Elem Sch-Elkhorn, NE Public",Elementary School,WESTRIDGE ELEMENTARY SCHOOL,470,18700.0,39.787234042553195
506,7461 oliver ave s richfield mn 55423,MN ,23907,Richfield Junior High School  - Richfiel,High School,RICHFIELD MIDDLE,953,188220.0,197.50262329485835
483,700 n hartford st chandler az 85225,AZ ,14915,Hartford Elementary School Addition,Elementary School,HARTFORD SYLVIA ENCINAS ELEMENTARY,797,8013.0,10.053952321204516
508,7525 e grayhawk dr scottsdale az 85255,AZ ,16314,P.V. Elem #27-Grayhawk         Po 609744,Elementary School,GRAYHAWK ELEMENTARY SCHOOL,412,76761.0,186.3131067961165
17,1001 w stone st fayetteville ar 72701,AR ,25230,Fayetteville High School - Predesign,High School,FAYETTEVILLE HIGH SCHOOL EAST,2628,519000.0,197.48858447488584
539,8301 84th st ne marysville wa 98270,WA ,26957,Marysville High School             +,High School,MARYSVILLE GETCHELL HIGH SCHOOL,1550,195919.0,126.39935483870968
359,400 n brewster ave oakland ne 68045,NE ,5557,Oakland-Craig Elem Sch Addn,Elementary School,OAKLAND CRAIG ELEMENTARY,225,26290.0,116.84444444444445
288,301 south happy valley road nampa id 83687,ID ,13429,Nampa Columbia High School,High School,COLUMBIA HIGH SCHOOL,1261,262800.0,208.406026962728
239,222 memorial dr berlin wi 54923,WI ,24226,Berlin High School,High School,BERLIN HIGH,500,200000.0,400.0
127,13731 ks hwy 152 lacygne ks 66040,KS ,10258,Prairie View MS Performing Arts,,PRAIRIE VIEW HIGH,272,84000.0,308.8235294117647
298,312 gretten st gilbert ia 50105,IA ,8692,New Gilbert High School,High School,GILBERT HIGH SCHOOL,496,106500.0,214.71774193548387
299,312 gretten st gilbert ia 50105,IA ,8713,Gilbert HS-Fitness/Locker Rm Addition,High School,GILBERT HIGH SCHOOL,496,12000.0,24.193548387096776
300,312 gretten st gilbert ia 50105,IA ,8728,Gilbert High School Safe Room,High School,GILBERT HIGH SCHOOL,496,5346.0,10.778225806451612
301,312 gretten st gilbert ia 50105,IA ,8695,Gilbert New High School,High School,GILBERT HIGH SCHOOL,496,102000.0,205.6451612903226
74,1200 n calvert liberal ks 67901,KS ,80027,"Liberal, KS - Smith Elementary",Elementary School,MEADOWLARK ELEMENTARY SCHOOL,371,71743.0,193.37735849056602
447,5525 n 16th st phoenix az 85016,AZ ,14358,Madison Middle School No. 1,Middle School,MADISON #1 ELEMENTARY SCHOOL,1010,115515.0,114.37128712871286
242,2245 e 11th st stockton ca 95206,CA ,30541,Hamilton Middle School Modernization,Middle School,ALEXANDER HAMILTON ELEMENTARY,818,99720.0,121.90709046454768
283,300 11th ave nw new prague mn 56071,MN ,20916,Raven Stream Elementary,Elementary School,RAVEN STREAM ELEMENTARY,680,90157.0,132.58382352941177
338,3560 warder st nw washington dc 20010,DC ,79342,Bruce-Monroe Elementary School @ Park Vi,Elementary School,BRUCE-MONROE ES AT PARK VIEW,473,80000.0,169.13319238900635
341,36477 ruth ave madera ca 93636,CA ,30140,Webster Elementary School,Elementary School,WEBSTER ELEMENTARY,638,40624.0,63.67398119122257
207,2000 tiger ln albert lea mn 56007,MN ,24050,Albert Lea Senior High School,High School,ALBERT LEA SENIOR HIGH,1238,270000.0,218.09369951534734
491,7020 12th ave s richfield mn 55423,MN ,23908,Richfield Intermediate School - Richfiel,,RICHFIELD STEM SCHOOL,682,180000.0,263.92961876832845
320,326 e 103rd st kansas city mo 64114,MO ,10842,Center Middle School Addn & Renov,Middle School,CENTER MIDDLE,591,50100.0,84.77157360406092
195,1921 ames high dr ames ia 50010,IA ,7493,Ames High School Addition,High School,AMES HIGH SCHOOL,1383,280000.0,202.4584237165582
196,1921 ames high dr ames ia 50010,IA ,9029,"Ames, IA - High School Addition",High School,AMES HIGH SCHOOL,1383,280000.0,202.4584237165582
553,902 s jefferson kearney mo 64060,MO ,10902,Kearney Elementary School,Elementary School,KEARNEY ELEM.,269,61300.0,227.8810408921933
102,1250 swan rd de pere wi 54115,WI ,24239,Depere Elementary School,Elementary School,HERITAGE ELEMENTARY,577,112000.0,194.10745233968805
101,1250 swan rd de pere wi 54115,WI ,24292,Depere-Heritage Elem School-Addl CA Svc,Elementary School,HERITAGE ELEMENTARY,577,112000.0,194.10745233968805
31,1020 sw cherry st ankeny ia 50023,IA ,8470,Southview MS-Phase I 573Claims Support T,,SOUTHVIEW MIDDLE SCHOOL,884,114000.0,128.95927601809956
30,1020 sw cherry st ankeny ia 50023,IA ,8464,Ankeny New Middle School - Phase I,Middle School,SOUTHVIEW MIDDLE SCHOOL,884,125500.0,141.9683257918552
267,2623 nw sierra st camas wa 98607,WA ,28441,Dorothy Fox Elementary School Remodel,Elementary School,DOROTHY FOX,498,41236.0,82.80321285140562
353,3940 s teller street lakewood co 80235,CO ,73566,Addenbrooke Charter School D/B,Academic,ADDENBROOKE CLASSICAL ACADEMY,396,68800.0,173.73737373737373
342,369 school st marshall wi 53559,WI ,23952,Marshall Public Schools - Early Learning,,MARSHALL EARLY LEARNING CENTER,285,6416.0,22.512280701754385
166,1750 bob 's hollow ln dupont wa 98327,WA ,26878,Steilacoom-New Middle School           +,Middle School,PIONEER MIDDLE,796,107889.0,135.5389447236181
569,9820 madison ave south gate ca 90280,CA ,30700,LAUSD-South Gate New ES #6,Academic,MADISON ELEMENTARY,611,56411.0,92.32569558101473
419,500 sunset dr jordan mn 55352,MN ,70791,Jordan MS Additions & Remodeling,Middle School,JORDAN MIDDLE,642,168815.0,262.95171339563865
35,10325 south 188th street omaha ne 68136,NE ,68232,Gretna New Elementary Sch (Site Adapt),Elementary School,ASPEN CREEK ELEMENTARY SCHOOL,630,73625.0,116.86507936507937
65,1155 sw cherry st ankeny ia 50023,IA ,8186,Ankeny  High School,High School,ANKENY HIGH SCHOOL,1284,275000.0,214.17445482866043
158,1645 w mcdowell rd phoenix az 85007,AZ ,16147,PUHSD Franklin Police & Fire HS SD-CS,High School,FRANKLIN POLICE AND FIRE HIGH SCHOOL,288,15000.0,52.083333333333336
366,4114 madison st elk horn ia 51531,IA ,6110,"Elk Horn-Kimballton, IA CSD",,EXIRAELK HORN-KIMBALLTON HIGH SCHOOL,212,21007.0,99.08962264150944
8,1 school road heart butte mt 59448,MT ,13051,Heart Butte High School,High School,HEART BUTTE ELEMENTARY,99,36410.0,367.77777777777777
26,1010 nw prairie ridge dr ankeny ia 50023,IA ,7981,Northview Middle School Addition,Middle School,PRAIRIE RIDGE MIDDLE SCHOOL,977,26000.0,26.61207778915046
160,1700 1st ave sw worthington mn 56187,MN ,24169,Worthington Elem School-New Facility,Elementary School,PRAIRIE ELEMENTARY,1228,153640.0,125.11400651465799
51,1120 first ave east horton ks 66439,KS ,10304,Horton High School Remodel,High School,HORTON HIGH,149,45000.0,302.0134228187919
369,420 butte ave sw madras or 97741,OR ,30032,Metolius Elementary Addition,Elementary School,METOLIUS ELEMENTARY SCHOOL,288,10500.0,36.458333333333336
119,13210 glenn st omaha ne 68138,NE ,83411,Springfield Platteview Westmont Remod,Elementary School,WESTMONT ELEMENTARY SCHOOL,263,33200.0,126.23574144486692
252,2300 s dixieland rd rogers ar 72758,AR ,10360,Rogers (Ark.) High School,High School,ROGERS HIGH SCHOOL,2089,290530.0,139.0761129727142
484,700 swan rd de pere wi 54115,WI ,24240,Depere Middle School,Middle School,DE PERE MIDDLE,654,126000.0,192.6605504587156
485,700 swan rd de pere wi 54115,WI ,24386,DePere Middle School Litigation TRACKING,Middle School,DE PERE MIDDLE,654,126000.0,192.6605504587156
499,715 e 19th st kearney mo 64060,MO ,10310,Kearney Hs-Additions/Remodels,,KEARNEY HIGH,871,25000.0,28.70264064293915
318,3225 w ocotillo rd phoenix az 85017,AZ ,16322,Ocotillo Elem School           Po #20054,Elementary School,OCOTILLO SCHOOL,688,108000.0,156.97674418604652
441,516 w meadowmere springfield mo 65807,MO ,10909,Parkview High School,High School,PARKVIEW HIGH,1401,64174.0,45.80585296216988
34,1031 n main st manteca ca 95336,CA ,81147,Manteca USD - Golden West Modern.,Elementary School,GOLDEN WEST ELEMENTARY,536,66783.0,124.59514925373135
161,1701 lay st des moines ia 50317,IA ,65300,Phillips ES Classroom Addition,Elementary School,PHILLIPS ELEMENTARY,325,4270.0,13.138461538461538
20,1005 duke dr york ne 68467,NE ,5271,York High School Addition and Remodel,High School,YORK HIGH SCHOOL,455,50000.0,109.89010989010988
21,1005 duke dr york ne 68467,NE ,5275,York High School Remodel Pre Bond,High School,YORK HIGH SCHOOL,455,115000.0,252.74725274725276
436,505 n trussell ave moravia ia 52571,IA ,71616,Moravia Pre-K 12 Building Additions,,MORAVIA HIGH SCHOOL,185,22500.0,121.62162162162163
435,505 n trussell ave moravia ia 52571,IA ,71617,Moravia Pre-K 12 Building Additions,,MORAVIA HIGH SCHOOL,185,22500.0,121.62162162162163
434,505 n trussell ave moravia ia 52571,IA ,8882,Moravia Pre-K 12 Building Additions,Academic,MORAVIA HIGH SCHOOL,185,22500.0,121.62162162162163
22,101 knight ave s thief river falls mn 56701,MN ,23901,Lincoln Senior High School Addition,High School,LINCOLN SENIOR HIGH,586,52000.0,88.73720136518772
36,1035 15th st nevada ia 50201,IA ,8387,Nevada CSD Auditorium Addition,High School,NEVADA MIDDLE SCHOOL,464,18000.0,38.793103448275865
321,327 s west st emporia ks 66801,KS ,9207,Emporia Riverside Elementary,Elementary School,RIVERSIDE ELEMENTARY,434,56989.0,131.3110599078341
128,13930 ne 6th st alleman ia 50007,IA ,8106,North Polk New High School,High School,NORTH POLK HIGH SCHOOL,515,129000.0,250.48543689320388
287,301 17th st sw austin mn 55912,MN ,23894,Banfield Elementary Addition & Remodel,Elementary School,BANFIELD ELEMENTARY,422,63000.0,149.28909952606634
545,8800 w 85th st shawnee mission ks 66212,KS ,10300,Sm West High School            Po 763238,High School,SHAWNEE MISSION WEST HIGH,1654,230000.0,139.05683192261185
278,27847 42nd av s auburn wa 98001,WA ,27339,Federal Way Sch Dist-Valhalla Elem    +,Elementary School,VALHALLA ELEMENTARY SCHOOL,580,54000.0,93.10344827586206
276,27847 42nd av s auburn wa 98001,WA ,27340,Federal Way Sch Dist-Valhalla Elem,Elementary School,VALHALLA ELEMENTARY SCHOOL,580,54000.0,93.10344827586206
277,27847 42nd av s auburn wa 98001,WA ,27342,Federal Way Sch Dist-Valhalla Elem,Elementary School,VALHALLA ELEMENTARY SCHOOL,580,54000.0,93.10344827586206
16,1001 15th st nevada ia 50201,IA ,82840,Nevada HS - Ind. Tech & Agricultural Imp,High School,NEVADA HIGH SCHOOL,464,5760.0,12.413793103448276
422,501 edgewood avenue trenton nj 8618,NJ ,25477,New Cadwalader PreK-8 Center           N,,DAYLIGHT/TWILIGHT HIGH SCHOOL,891,148656.0,166.84175084175084
132,1406 n central ave avondale az 85323,AZ ,16243,Avondale Junior High School,High School,AVONDALE MIDDLE SCHOOL,418,71970.0,172.17703349282297
339,35827 32nd av s auburn wa 98001,WA ,27404,Federal Way Sch Dist-Lakeland Elem     +,Elementary School,LAKELAND ELEMENTARY SCHOOL,427,44703.0,104.69086651053864
540,833 e mesquite ave palm springs ca 92264,CA ,31797,PSUSD - Cahuilla ES #2 Relocation,Academic,CAHUILLA ELEMENTARY,483,43000.0,89.02691511387164
118,1320 nw 75 st seattle wa 98117,WA ,28484,Seattle SD- Whittier Elementary,Elementary School,WHITTIER ELEMENTARY SCHOOL,444,66030.0,148.71621621621622
84,121 hampel rd moscow mills mo 63362,MO ,11074,William Cappel Elementary Additions,Elementary School,WM. R. CAPPEL ELEM.,525,90000.0,171.42857142857142
262,25211 south 68 street firth ne 68358,NE ,2772,"Norris-Firth, NE Elementary Sch Addn",Elementary School,NORRIS INTERMEDIATE SCHOOL,579,18000.0,31.088082901554404
507,7500 e civic cir prescott valley az 86314,AZ ,15771,AAEC Charter H.S. Prescott Valley,High School,ARIZONA AGRIBUSINESS & EQUINE CENTER INC. - PRESCOTT VALLEY,298,33363.0,111.95637583892618
548,900 school st elk river mn 55330,MN ,20872,Elk River High School Addition,High School,ELK RIVER SENIOR HIGH,1738,60000.0,34.52243958573072
229,2200 state st granger ia 50109,IA ,73155,Woodward-Granger Existing ES Renovations,Elementary School,WOODWARD-GRANGER EARLY LEARNING CENTER,321,23660.0,73.70716510903426
230,2200 state st granger ia 50109,IA ,69563,Woodward-Granger ELC Roof Replacement,Elementary School,WOODWARD-GRANGER EARLY LEARNING CENTER,321,28330.0,88.25545171339564
464,620 sw 4th st forest lake mn 55025,MN ,21045,Central Learning Center Renovation,,FOREST VIEW ELEMENTARY,422,179000.0,424.1706161137441
296,3111 n 10th st marion ia 52302,IA ,81253,Linn-Mar HS Add & Reno Ph 2-Post Const,High School,LINN-MAR HIGH SCHOOL,2226,360000.0,161.72506738544473
295,3111 n 10th st marion ia 52302,IA ,81252,Linn-Mar HS Add & Reno Ph 2-Post Const,High School,LINN-MAR HIGH SCHOOL,2226,360000.0,161.72506738544473
297,3111 n 10th st marion ia 52302,IA ,81244,Linn-Mar HS Add & Reno Ph 2-Post Const,High School,LINN-MAR HIGH SCHOOL,2226,360000.0,161.72506738544473
294,3111 n 10th st marion ia 52302,IA ,81254,Linn-Mar HS Add & Reno Ph 2-Post Const,High School,LINN-MAR HIGH SCHOOL,2226,360000.0,161.72506738544473
43,10750 thunder mountain avenue colorado springs co 80908,CO ,19338,Pine Creek High School Addition,High School,PINE CREEK HIGH SCHOOL,1631,162000.0,99.32556713672594
42,10750 thunder mountain avenue colorado springs co 80908,CO ,20496,Academy High School #5,High School,PINE CREEK HIGH SCHOOL,1631,162000.0,99.32556713672594
356,3997 e lockwood dr phoenix az 85050,AZ ,14036,PVUSD Elem. #31,Elementary School,WILDFIRE ELEMENTARY SCHOOL,687,67000.0,97.5254730713246
488,701 crown hill rd excelsior springs mo 64024,MO ,10407,Excelsior Springs Middle Sch Humid -Trkg,Middle School,EXCELSIOR SPRINGS MIDDLE,639,98000.0,153.36463223787166
519,7801 n hws cleveland blvd bennington ne 68007,NE ,3899,Bennington New Elementary School,Elementary School,PINE CREEK ELEMENTARY,492,62500.0,127.03252032520325
347,3725 e love cactus drive phoenix az 85050,AZ ,15779,PVUSD Elementary School #32,Elementary School,FIRESIDE ELEMENTARY SCHOOL,826,88664.0,107.34140435835351
38,105 nw pleasant st ankeny ia 50023,IA ,7974,Parkview Middle School Additions,Middle School,PARKVIEW MIDDLE SCHOOL,916,24830.0,27.106986899563317
382,4315 e cashman dr phoenix az 85050,AZ ,16310,Paradise Valley Unified School District ,,DESERT TRAILS ELEMENTARY SCHOOL,611,76761.0,125.63175122749591
129,140 s gilbert rd gilbert az 85296,AZ ,14176,"Higley Maint, Trans, Warehouse Bldg Site",,GILBERT GLOBAL ACADEMY 7-12,130,18200.0,140.0
327,3333 penn ave n minneapolis mn 55412,MN ,21026,Lucy Laney Community School,Elementary School,LUCY LANEY @ CLEVELAND PARK ELEM,464,112000.0,241.3793103448276
351,3808 w joan de arc ave phoenix az 85029,AZ ,16324,Chaparral Elem Renovation      Po#990288,Elementary School,CHAPARRAL ELEMENTARY SCHOOL,523,63288.0,121.00956022944551
209,2002 e campbell ave phoenix az 85016,AZ ,16298,Madison Elementary School,Elementary School,MADISON CAMELVIEW ELEMENTARY,617,82880.0,134.32739059967585
83,1201 west cheyenne road colorado springs co 80906,CO ,20582,Cheyenne Mountain High School '99 Addns,High School,CANON ELEMENTARY SCHOOL,139,50000.0,359.71223021582733
406,4901 alburnett rd marion ia 52302,IA ,73136,Oak Ridge MS Addition,Middle School,OAK RIDGE SCHOOL,828,9200.0,11.11111111111111
407,4901 alburnett rd marion ia 52302,IA ,73137,Oak Ridge MS Addition,Middle School,OAK RIDGE SCHOOL,828,9200.0,11.11111111111111
405,4901 alburnett rd marion ia 52302,IA ,8888,Oak Ridge MS Addition,Middle School,OAK RIDGE SCHOOL,828,11600.0,14.009661835748792
208,2001 avenue b fort madison ia 52627,IA ,85689,Ft. Madison HS-HVAC Improvement Phase 2,High School,FORT MADISON HIGH SCHOOL,567,10745.0,18.950617283950617
55,11256 n 128th st scottsdale az 85259,AZ ,16263,Mountainside Middle School,Middle School,MOUNTAINSIDE MIDDLE SCHOOL,592,152700.0,257.93918918918916
170,1800 south 55th kansas city ks 66106,KS ,72827,Turner ASC HVAC Improvements,Academic,TURNER ELEM,583,25392.0,43.55403087478559
468,624 n rexford dr beverly hills ca 90210,CA ,35312,BHUSD - Hawthorne School - Modernization,High School,HAWTHORNE ELEMENTARY,609,108892.0,178.80459770114942
399,4600 s bright angel way chandler az 85249,AZ ,14235,Old Stone Ranch K-6 Elementary School,Elementary School,AUDREY & ROBERT RYAN ELEMENTARY,741,76500.0,103.23886639676114
210,2002 oak st granger ia 50109,IA ,82968,Woodward-Granger New Elementary School,Elementary School,WOODWARD-GRANGER ELEMENTARY SCHOOL,275,69000.0,250.9090909090909
270,2701 w memorial dr anthem az 85086,AZ ,13780,DVUSD  Elementary #22,Elementary School,GAVILAN PEAK SCHOOL,687,81114.0,118.06986899563319
19,1001 w stone st fayetteville ar 72701,AR ,25226,Fayetteville HS Additions & Renovations,High School,FAYETTEVILLE HIGH SCHOOL EAST,2628,177210.0,67.43150684931507
219,21000 141st ave rogers mn 55374,MN ,20881,Rogers High School,High School,ROGERS SENIOR HIGH,1617,255000.0,157.69944341372914
555,910 e washington st phoenix az 85034,AZ ,16431,Alternative Center For Education,,FAITH NORTH EARLY CHILDHOOD LEARNING CENTER,126,28824.0,228.76190476190476
273,2727 e siesta ln phoenix az 85050,AZ ,16417,Paradise Valley Elementary #28 Po #4897,Elementary School,SUNSET CANYON SCHOOL,426,76761.0,180.19014084507043
551,901 h ave milford ia 51351,IA ,7574,Okoboji High School Gymnasium Add.,High School,OKOBOJI HIGH SCHOOL,320,31303.0,97.821875
227,21395 goodview ave n forest lake mn 55025,MN ,21046,Century Jr HS,High School,FOREST LAKE AREA MIDDLE SCHOOL,844,171560.0,203.27014218009478
226,21395 goodview ave n forest lake mn 55025,MN ,66956,Forest Lake Century  Sch Add/Remodeling,Middle School,FOREST LAKE AREA MIDDLE SCHOOL,844,44765.0,53.03909952606635
568,9709 60 av s seattle wa 98118,WA ,26051,Emerson Elem-AutoCad Backgrounds,Elementary School,EMERSON ELEMENTARY SCHOOL,383,73578.0,192.10966057441254
559,9330 ne high school rd bainbridge island wa 98110,WA ,26612,The Commodore Ctr Ph 1-Demo & Renov,,BAINBRIDGE HIGH SCHOOL,1369,34000.0,24.83564645726808
268,2675 21st st w dickinson nd 58601,ND ,67195,Dickinson New Middle School Design,Middle School,DICKINSON MIDDLE SCHOOL,901,198000.0,219.7558268590455
466,6224 h st omaha ne 68117,NE ,6053,Ralston Sch-Karen Western Elem Addn/Remo,Elementary School,KAREN WESTERN ELEMENTARY SCH,188,35300.0,187.7659574468085
164,17077 w 165th st olathe ks 66062,KS ,9962,Prairie Creek Elementary - Additions,Elementary School,PRAIRIE CREEK ELEMENTARY,396,19880.0,50.2020202020202
3,1 grizzly way granite bay ca 95746,CA ,62955,Roseville Joint UHSD -Roseville HS Renov,High School,GRANITE BAY HIGH,2061,294000.0,142.64919941775838
271,2702 west 11th street kearney ne 68845,NE ,5760,Kearney High School (NE),High School,KEARNEY HIGH SCHOOL,1599,340000.0,212.63289555972483
40,10620 direct river dr coon rapids mn 55433,MN ,21177,AH ISD - Mississippi Elementary,Elementary School,MISSISSIPPI ELEMENTARY,395,4380.0,11.08860759493671
217,208 w 21st st yankton sd 57078,SD ,11566,Yankton Stewart Elem.School Add/Renov. N,Elementary School,STEWART ELEMENTARY - 05,260,13500.0,51.92307692307692
215,204 n league rd colfax ia 50054,IA ,7906,Colfax-Mingo H.S. Addition/Renovation,High School,COLFAX-MINGO HIGH SCHOOL,356,85540.0,240.2808988764045
522,800 w madison st gardner ks 66030,KS ,9374,Gardner Elementary FF & E,Elementary School,MADISON ELEMENTARY,567,74000.0,130.5114638447972
523,800 w madison st gardner ks 66030,KS ,9371,Gardner Elementary on Madison,Elementary School,MADISON ELEMENTARY,567,74000.0,130.5114638447972
32,10203 e mcdowell mountain ranc scottsdale az 85255,AZ ,16285,Desert Canyon Middle School - McDowell M,Middle School,DESERT CANYON ELEMENTARY,455,147698.0,324.610989010989
10,100 vadnais blvd vadnais heights mn 55127,MN ,20943,Agricultural and Food Sciences Academy,High School,AFSA HIGH SCHOOL,221,54000.0,244.34389140271495
451,5700 w harmon ave las vegas nv 89103,NV ,17270,Clark County 2-Story Prototype Elem,Elementary School,JOSEPH E THIRIOT ELEMENTARY SCHOOL,730,75000.0,102.73972602739725
444,532 northern heights seward ne 68434,NE ,2735,Seward High School Gym & Aud Addn,High School,SEWARD HIGH SCHOOL,548,54000.0,98.54014598540147
443,532 northern heights seward ne 68434,NE ,5971,Seward High School Addition,High School,SEWARD HIGH SCHOOL,548,58000.0,105.83941605839416
155,16200 kill creek road gardner ks 66030,KS ,9498,Gardner Middle School,Middle School,PIONEER RIDGE MIDDLE SCHOOL,601,133990.0,222.9450915141431
146,15815 n 29th st phoenix az 85032,AZ ,13899,Palomino Renovation,,PALOMINO INTERMEDIATE SCHOOL,506,9500.0,18.774703557312254
11,100 wolf run winneconne wi 54986,WI ,24243,Winneconne High School,High School,WINNECONNE HIGH,525,150500.0,286.6666666666667
147,15833 n 29th st phoenix az 85032,AZ ,13896,Palomino New Construction,Elementary School,PALOMINO PRIMARY SCHOOL,694,76000.0,109.51008645533142
126,13425 n 19th ave phoenix az 85029,AZ ,16352,Moon Mountain Elementary       Po #20054,Elementary School,MOON MOUNTAIN SCHOOL,653,100008.0,153.15160796324656
94,1245 n euclid ave ontario ca 91762,CA ,71898,CJUHSD-Chaffey High School Assessment,High School,CHAFFEY HIGH,3277,669240.0,204.22337503814464
148,15844 n 43rd st phoenix az 85032,AZ ,16283,Whispering Wind Elementary School - Para,Elementary School,WHISPERING WIND ACADEMY,669,83357.0,124.59940209267563
281,2910 sw applewood st ankeny ia 50023,IA ,7550,Crocker Elementary School,Elementary School,CROCKER ELEMENTARY SCHOOL,663,74000.0,111.61387631975867
280,2910 sw applewood st ankeny ia 50023,IA ,7967,Crocker Elementary School Additions,Elementary School,CROCKER ELEMENTARY SCHOOL,663,16300.0,24.585218702865763
310,318 e washington street gardner ks 66030,KS ,9602,Wheatridge MS Addn & Remodel,Middle School,WHEATRIDGE MIDDLE SCHOOL,544,77400.0,142.27941176470588
371,420 wacouta ave prairie du chien wi 53821,WI ,23971,Prairie Duchien-Ba Kennedy Elem Remodel,Elementary School,BA KENNEDY SCHOOL,236,9000.0,38.13559322033898
23,101 w 2nd st north little rock ar 72114,AR ,25278,North Little Rock HS - Additions/Renov,High School,NORTH LITTLE ROCK HIGH SCHOOL,2146,479154.0,223.27772600186393
250,22801 n 22nd st phoenix az 85024,AZ ,16296,Boulder Creek Elementary School - Paradi,Elementary School,BOULDER CREEK ELEMENTARY SCHOOL,733,76761.0,104.72169167803547
163,17077 w 165th st olathe ks 66062,KS ,9488,Spring Hill USD 230 Elementary,Elementary School,PRAIRIE CREEK ELEMENTARY,396,52152.0,131.6969696969697
504,7337 n 19th ave phoenix az 85021,AZ ,16351,Orangewood Elementary          Po #20054,Elementary School,ORANGEWOOD SCHOOL,965,104793.0,108.5937823834197
53,11221 northridge drive gretna ne 68028,NE ,2938,Gretna Squire Thomas Elementary,Elementary School,SQUIRE JOHN THOMAS ELEMENTARY,638,73000.0,114.42006269592477
541,850 e oak st monticello ia 52310,IA ,8962,Monticello High School,High School,MONTICELLO HIGH SCHOOL,387,93000.0,240.31007751937983
120,1322 avenue i gothenburg ne 69138,NE ,4849,Gothenburg K-12 Addn Phase 1,,GOTHENBURG SECONDARY SCHOOL,419,15000.0,35.79952267303103
66,11705 south 216th street gretna ne 68028,NE ,3616,Gretna Middle Sch Addn & Remodel,Middle School,GRETNA MIDDLE SCHOOL,674,129496.0,192.13056379821958
67,11705 south 216th street gretna ne 68028,NE ,2945,Gretna High School Addn & Renovation,High School,GRETNA MIDDLE SCHOOL,674,88179.0,130.82937685459942
213,202 w 3rd st louisville ne 68037,NE ,4605,Louisville Public Schools - Add/Renov,Middle School,LOUISVILLE MIDDLE SCHOOL,151,17700.0,117.21854304635761
189,19000 n 63rd ave glendale az 85308,AZ ,16363,DVUSD - The Highlands,,HIGHLAND LAKES SCHOOL,1138,106448.0,93.53954305799648
183,1816 n 3rd st oskaloosa ia 52577,IA ,7444,Oskaloosa H.S. Addition/Renovation,High School,OSKALOOSA HIGH SCHOOL,632,47800.0,75.63291139240506
175,1801 n eola rd aurora il 60502,IL ,12207,Metea Valley High School,High School,METEA VALLEY HIGH SCHOOL,2917,464200.0,159.13609873157353
180,1812 mansfield rd grand island ne 68803,NE ,5865,Grand Island - Westridge Middle School,Middle School,ENGLEMAN ELEMENTARY SCHOOL,537,18600.0,34.63687150837989
78,1201 west cheyenne road colorado springs co 80906,CO ,19208,Cheyenne Mtn SD - Swimming Pool Renov.,,CANON ELEMENTARY SCHOOL,139,16000.0,115.10791366906474
80,1201 west cheyenne road colorado springs co 80906,CO ,19206,Cheyenne Mtn SD - Auditorium Renovation,Academic,CANON ELEMENTARY SCHOOL,139,13000.0,93.5251798561151
81,1201 west cheyenne road colorado springs co 80906,CO ,19209,Cheyenne Mtn SD-Counseling Area Remodel,,CANON ELEMENTARY SCHOOL,139,2600.0,18.705035971223023
79,1201 west cheyenne road colorado springs co 80906,CO ,19205,Cheyenne Mtn SD - Academic Arts Facility,,CANON ELEMENTARY SCHOOL,139,27500.0,197.84172661870502
187,18480 california st elkhorn ne 68022,NE ,3864,Elkhorn West Dodge Station Elem Sch,Elementary School,WEST DODGE STATION ELEMENTARY,535,62500.0,116.82242990654206
449,5619 e glade ave mesa az 85206,AZ ,16327,Marilyn Wilson Elementary,Elementary School,WILSON ELEMENTARY SCHOOL,632,71124.0,112.5379746835443
185,1827 bygland rd se east grand forks mn 56721,MN ,23981,East Grand Forks Middle School,Middle School,CENTRAL MIDDLE,438,112000.0,255.70776255707761
550,9000 hillpointe rd las vegas nv 89134,NV ,17348,Sheldon Adelson High School,High School,WILLIAM LUMMIS ELEMENTARY SCHOOL,502,173200.0,345.0199203187251
453,5780 pacific rim blvd camas wa 98607,WA ,80984,Camas SD Sharp Middle School,Middle School,ODYSSEY MIDDLE SCHOOL,245,27575.0,112.55102040816327
537,8225 s 59th ave laveen az 85339,AZ ,14205,PUHSD New Comprehensive High School,High School,BETTY FAIRFAX HIGH SCHOOL,1708,345000.0,201.99063231850118
50,111 n chabal st solon ia 52333,IA ,8286,Solon Lakeview ES Add/Renov.,Elementary School,LAKEVIEW ELEMENTARY,462,14207.0,30.751082251082252
198,19660 farnam st elkhorn ne 68022,NE ,3213,Elkhorn Fire Ridge Elementary School,Elementary School,FIRE RIDGE ELEMENTARY SCHOOL,465,57900.0,124.51612903225806
9,100 jefferson st buffalo ia 52726,IA ,7333,Buffalo-Perry Elementary School,Elementary School,BUFFALO ELEMENTARY SCHOOL,267,54000.0,202.24719101123594
336,3501 seine street new orleans la 70114,LA ,1339,Sherwood Elementary School,Elementary School,PAUL HABANS CHARTER SCHOOL,838,110000.0,131.26491646778044
96,1245 n euclid ave ontario ca 91762,CA ,70551,CJUHSD Building E Replacement,High School,CHAFFEY HIGH,3277,60000.0,18.3094293561184
237,2215 s campus st kearney mo 64060,MO ,10408,Kearney Mid Level School,,KEARNEY JR. HIGH,540,64000.0,118.51851851851852
238,2215 s campus st kearney mo 64060,MO ,10852,Kearney Mid Level Phase II,,KEARNEY JR. HIGH,540,84837.0,157.10555555555555
85,1210 n 5th ave phoenix az 85003,AZ ,16430,Kenilworth Classroom Addition,,KENILWORTH ELEMENTARY SCHOOL,534,12000.0,22.471910112359552
233,2211 south 55th kansas city ks 66106,KS ,10430,Highland/Pierson/Turner High Remodel,,TURNER HIGH,1108,19000.0,17.14801444043321
234,2211 south 55th kansas city ks 66106,KS ,10413,Turner High School,High School,TURNER HIGH,1108,221693.0,200.08393501805054
554,908 3rd street steilacoom wa 98388,WA ,28508,Steilacoom SD-Saltar'S Point Elem. Renov,Elementary School,SALTARS POINT ELEMENTARY,471,47000.0,99.78768577494692
204,200 e 5th st kearney mo 64060,MO ,10972,Kearney Jr. High Addn & Remodel,Academic,KEARNEY MIDDLE,550,118500.0,215.45454545454547
438,510 long coulee rd holmen wi 54636,WI ,24092,Holmen Elem Sch-Evergreen Mods,Elementary School,EVERGREEN ELEMENTARY,367,15000.0,40.87193460490463
57,1130 main ave n bagley mn 56621,MN ,21899,Bagley High School Masonry Investig.   T,High School,BAGLEY SECONDARY,420,145000.0,345.23809523809524
28,10175 bustleon avenue philadelphia pa 19116,PA ,16739,GWHS                                   N,High School,WASHINGTON GEORGE HS,1410,346000.0,245.39007092198582
305,315 e montgomery ave ardmore pa 19003,PA ,16848,Lower Merion SD- District Admin Office,Academic,LOWER MERION HS,1532,80950.0,52.83942558746736
307,315 e montgomery ave ardmore pa 19003,PA ,16849,Lower Merion SD-  Admin Office-hourly,Academic,LOWER MERION HS,1532,80950.0,52.83942558746736
308,315 e montgomery ave ardmore pa 19003,PA ,50488,Lower Merion SD District Admin Office,Academic,LOWER MERION HS,1532,80950.0,52.83942558746736
304,315 e montgomery ave ardmore pa 19003,PA ,50489,Lower Merion SD District Admin Office,Academic,LOWER MERION HS,1532,80950.0,52.83942558746736
306,315 e montgomery ave ardmore pa 19003,PA ,16847,Lower Merion SD- District Admin Office,Academic,LOWER MERION HS,1532,80950.0,52.83942558746736
303,315 e montgomery ave ardmore pa 19003,PA ,16850,Lower Merion SD-Admin Office-hourly,Academic,LOWER MERION HS,1532,80950.0,52.83942558746736
477,661 capistrano drive pueblo west co 81007,CO ,20421,Pueblo West HS Add & Ren,High School,PUEBLO WEST HIGH SCHOOL,1394,55175.0,39.58034433285509
291,310 w pine liberal ks 67901,KS ,80024,"Liberal, KS - Pine Street ES",Elementary School,SUNFLOWER ELEMENTARY SCHOOL,621,71790.0,115.60386473429952
212,202 bagley ave nw bagley mn 56621,MN ,23915,Bagley High School,High School,BAGLEY ELEMENTARY,577,145000.0,251.2998266897747
430,502 48th st fort madison ia 52627,IA ,8594,Ft. Madison CSD 4 - 8 Building,Middle School,FORT MADISON MIDDLE SCHOOL,677,110205.0,162.78434268833087
489,701 s 37th st tacoma wa 98418,WA ,26580,Lincoln High School Renovation/Additions,High School,LINCOLN,1628,175000.0,107.49385749385749
490,701 s 37th st tacoma wa 98418,WA ,26584,Lincoln High School-WSSP Grant,High School,LINCOLN,1628,281964.0,173.1965601965602
240,2220 nw state st ankeny ia 50023,IA ,8590,Ankeny CSD Centennial High School,High School,ANKENY CENTENNIAL HIGH SCHOOL,1307,281000.0,214.99617444529457
486,700 w north st bradley il 60915,IL ,12400,BBCHS - 09 Phase I Addition,High School,BRADLEY-BOURBONNAIS C HIGH SCHOOL,1944,29500.0,15.174897119341564
145,1541 8th st des moines ia 50314,IA ,7391,Moulton Elementary Addition/Renovation,Elementary School,MOULTON ELEMENTARY SCHOOL,536,120710.0,225.205223880597
324,3325 bridge st saint francis mn 55070,MN ,20982,St Francis High School Addition,High School,ST. FRANCIS HIGH,1297,23280.0,17.9491133384734
492,705 n mary st lancaster pa 17603,PA ,16795,SDOL Wharton E.S. Renov & Add,Elementary School,THOMAS WHARTON EL SCH,367,24459.0,66.64577656675749
496,705 n mary st lancaster pa 17603,PA ,16797,SDOL Wharton E.S. Renov & Add,Elementary School,THOMAS WHARTON EL SCH,367,24459.0,66.64577656675749
494,705 n mary st lancaster pa 17603,PA ,16796,SDOL Wharton E.S. Renov & Add.,Elementary School,THOMAS WHARTON EL SCH,367,24459.0,66.64577656675749
493,705 n mary st lancaster pa 17603,PA ,16793,SDOL Wharton E.S. Renov & Add,Elementary School,THOMAS WHARTON EL SCH,367,24459.0,66.64577656675749
495,705 n mary st lancaster pa 17603,PA ,16794,SDOL Wharton E.S. Renov & Add.,Elementary School,THOMAS WHARTON EL SCH,367,24459.0,66.64577656675749
